{
  "Author": "That one kid",
  "Compatibility": "Compatible",
  "DefuserDifficulty": "VeryEasy",
  "Description": "Use activities to find the average age of a person. Tags: mean average, math, age, habits, names",
  "ExpertDifficulty": "Easy",
  "ModuleID": "activities",
  "Name": "Activities",
  "Origin": "Mods",
  "Published": "2022-10-15",
  "SortKey": "ACTIVITIES",
  "SourceUrl": "https://github.com/Kbushra/KTaNE-Activities",
  "SteamID": "2875453585",
  "Symbol": "Actv",
  "Type": "Regular"
}